First Name,Last Name,Middle Name,Date of Birth,City of Birth,Nationality,Address,Email,Phone Number,Education
ibrahim,mohamed,saber,2000-07-15,giza,Australia,14 fake st.,ibrahim@gmail.com,0168426546598,Bachelor Degree
ali,qenawy,ahmed,1999-02-22,qina,Egypt,14 salah salem st,ali22@gmail.com,,Master
Sophia,Johnson,Marie,1988-07-15,London,United Kingdom,789 Pine Road,sophia.johnson@example.co.uk,+447911123456,Master
Liam,Williams,Alexander,1992-11-05,Toronto,Canada,321 Maple Street,liam.williams@example.ca,+16135551234,Bachelor Degree
Emma,Brown,Grace,1998-02-28,Sydney,Australia,654 Birch Boulevard,emma.brown@example.au,+61412345678,High School
Noah,Jones,Michael,1985-09-10,Berlin,Germany,987 Cedar Lane,noah.jones@example.de,+4915112345678,Bachelor Degree
Olivia,Miller,Elizabeth,1993-12-19,Paris,France,159 Spruce Street,olivia.miller@example.fr,+33123456789,Master
William,Davis,Thomas,1990-06-30,Tokyo,Japan,753 Willow Way,william.davis@example.jp,+81312345678,Bachelor Degree
Ava,Garcia,Isabella,1997-04-25,Rio de Janeiro,Brazil,852 Aspen Road,ava.garcia@example.br,+5511998765432,High School
James,Rodriguez,Daniel,1983-08-14,Cape Town,South Africa,951 Poplar Avenue,james.rodriguez@example.za,+27111234567,Master
Mia,Martinez,Victoria,1994-10-05,Madrid,Spain,357 Palm Street,mia.martinez@example.es,+34911222333,Bachelor Degree
Benjamin,Hernandez,Samuel,1989-01-17,Milan,Italy,468 Cypress Drive,benjamin.hernandez@example.it,+393331234567,Bachelor Degree
Isabella,Lopez,Charlotte,1996-05-23,Buenos Aires,Argentina,654 Redwood Road,isabella.lopez@example.ar,+541112345678,High School
Lucas,Gonzalez,Henry,1991-03-11,Auckland,New Zealand,852 Fir Street,lucas.gonzalez@example.nz,+649123456789,Bachelor Degree
Charlotte,Wilson,Amelia,1999-07-09,Amsterdam,Netherlands,963 Walnut Avenue,charlotte.wilson@example.nl,+31123456789,High School
Mason,Anderson,Oliver,1987-12-02,Buenos Aires,Argentina,147 Hickory Lane,mason.anderson@example.ar,+541198765432,Master
Amelia,Thomas,Sophia,1995-09-18,Dubai,United Arab Emirates,258 Palm Avenue,amelia.thomas@example.ae,+971501234567,PhD
Ethan,Taylor,Jack,1993-04-27,Moscow,Turkey,369 Pine Boulevard,ethan.taylor@example.tr,+90211234567,Bachelor Degree
Harper,Moore,Lucas,1984-11-30,Bangkok,Thailand,741 Cedar Street,harper.moore@example.th,+66812345678,Master
Logan,Jackson,Elijah,1990-02-14,Hong Kong,Hong Kong,852 Maple Drive,logan.jackson@example.hk,+85212345678,Bachelor Degree
Evelyn,Martin,Madison,1992-06-21,Bangkok,Thailand,963 Birch Road,evelyn.martin@example.th,+66898765432,Bachelor Degree
Jacob,Lee,Samuel,1986-08-08,Seoul,South Korea,159 Oak Avenue,jacob.lee@example.kr,+821012345678,Bachelor Degree
Abigail,Perez,Henry,1994-10-30,Hanoi,Vietnam,Hickory Lane,abigail.perez@example.vn,+84312345678,High School
Michael,Thompson,James,1985-05-16,Istanbul,Turkey,357 Spruce Street,michael.thompson@example.tr,+902112345678,Bachelor Degree
Ella,White,Noah,1997-03-05,Istanbul,Turkey,258 Aspen Avenue,ella.white@example.tr,+902198765432,Bachelor Degree
Alexander,Harris,Logan,1988-09-19,Budapest,Hungary,741 Willow Road,alexander.harris@example.hu,+36123456789,Master
Grace,Sanchez,Lily,1991-12-25,Rome,Italy,852 Cedar Lane,grace.sanchez@example.it,+390612345678,Bachelor Degree
Daniel,Clark,Emily,1993-07-08,Prague,Czech Republic,963 Pine Drive,daniel.clark@example.cz,+420123456789,PhD
Victoria,Ramirez,Sophia,1990-01-22,Stockholm,Sweden,147 Palm Street,victoria.ramirez@example.se,+46701234567,Master
Matthew,Lewis,Mia,1987-04-13,Oslo,Norway,369 Fir Avenue,matthew.lewis@example.no,+4712345678,Bachelor Degree
Scarlett,Robinson,Lucas,1995-11-29,Helsinki,Finland,741 Poplar Road,scarlett.robinson@example.fi,+358123456789,High School
Henry,Walker,Chloe,1989-02-03,Berlin,Germany,258 Elm Street,henry.walker@example.de,+491512345678,Master
Lily,Young,Ava,1996-08-17,Oslo,Norway,852 Maple Drive,lily.young@example.no,+47119876543,Bachelor Degree
Sebastian,Allen,Oliver,1992-06-10,Zurich,Switzerland,963 Birch Avenue,sebastian.allen@example.ch,+41761234567,PhD
Zoe,King,Sophia,1994-05-25,Brussels,Belgium,147 Oak Road,zoe.king@example.be,+32412345678,Bachelor Degree
David,Scott,Madison,1983-10-12,Vienna,Austria,369 Spruce Street,david.scott@example.at,+43123456789,Master
Chloe,Baker,Mia,1998-09-07,Wellington,New Zealand,741 Cedar Avenue,chloe.baker@example.nz,+6491234567,High School
Samuel,Nelson,Ethan,1986-03-30,Auckland,New Zealand,258 Pine Road,samuel.nelson@example.nz,+6498765432,Bachelor Degree
Avery,Carter,Sophia,1993-12-18,Barcelona,Spain,852 Willow Drive,avery.carter@example.es,+34987654321,Bachelor Degree
Gabriel,Mitchell,Charlotte,1990-07-21,Madrid,Spain,963 Elm Lane,gabriel.mitchell@example.es,+34912345678,Master
Sofia,Parker,Lucas,1995-11-03,Cologne,Germany,147 Spruce Avenue,sofia.parker@example.de,+491576543210,Bachelor Degree
Elijah,Evans,Emily,1984-05-27,Munich,Germany,369 Oak Road,elijah.evans@example.de,+491512345679,Master
Aria,Edwards,Jack,1997-02-14,Amsterdam,Netherlands,741 Cedar Boulevard,aria.edwards@example.nl,+31123456780,Bachelor Degree
Jackson,Collins,Lily,1991-08-19,Riga,Latvia,258 Poplar Street,jackson.collins@example.lv,+37123456789,PhD
Layla,Stewart,Noah,1989-04-05,Reykjavik,Iceland,852 Maple Lane,layla.stewart@example.is,+3541234567,Master
Oliver,Morris,Ava,1994-10-22,Dublin,Ireland,963 Birch Road,oliver.morris@example.ie,+35312345678,Bachelor Degree
Mila,Rogers,Ethan,1990-01-30,Edinburgh,Scotland,147 Elm Avenue,mila.rogers@example.co.uk,+441234567890,Bachelor Degree
Logan,Reed,Chloe,1996-06-16,Copenhagen,Denmark,369 Spruce Drive,logan.reed@example.dk,+45212345678,High School
Amelia,Cook,Lucas,1987-09-09,Oslo,Norway,741 Oak Street,amelia.cook@example.no,+47123456789,Master
Levi,Morgan,Sophia,1992-12-01,Helsinki,Finland,258 Willow Avenue,levi.morgan@example.fi,+358123456789,Bachelor Degree
Luna,Bell,Henry,1985-03-18,Copenhagen,Denmark,852 Cedar Road,luna.bell@example.dk,+45298765432,Master
Oliver,Brooks,Emily,1993-07-24,Stockholm,Sweden,963 Poplar Drive,oliver.brooks@example.se,+46701234567,Bachelor Degree
Eleanor,Gray,James,1988-11-11,Oslo,Norway,147 Pine Street,eleanor.gray@example.no,+47119876543,Master
Isaac,Jenkins,Victoria,1995-05-05,Berlin,Germany,369 Elm Avenue,isaac.jenkins@example.de,+491512345680,Bachelor Degree
Harper,Hughes,Mia,1999-08-28,Reykjavik,Iceland,741 Spruce Lane,harper.hughes@example.is,+3548765432,High School
Sebastian,Price,Lily,1982-10-19,Dublin,Ireland,258 Birch Boulevard,sebastian.price@example.ie,+35312345679,Master
Scarlett,Foster,Ethan,1997-04-07,Madrid,Spain,852 Oak Road,scarlett.foster@example.es,+34987654322,Bachelor Degree
ibrahim,sebaq,saber,2000-07-15,cairo,Equatorial Guinea,,,,Bachelor Degree
